z,E,Omega_m,Omega_Lambda,q
0.0,1.0,0.3333333333333333,0.6666666666666666,-0.5
0.01,1.0050374785714875,0.3399995577997038,0.6600004422002963,-0.4900006633004444
0.02,1.010149823871027,0.3466631473588204,0.6533368526411795,-0.48000527896176926
0.03,1.0153368899040356,0.3533215185174768,0.6466784814825235,-0.47001772222378513
0.04,1.0205985172110204,0.3599721459877933,0.6400278540122065,-0.46004178101830984
0.05,1.0259345333239673,0.36661256482324533,0.6333874351767547,-0.450081152765132
0.06,1.0313447532227038,0.37324037234535967,0.6267596276546405,-0.4401394414819607
0.07,1.0368289797904635,0.3798532298639119,0.6201467701360881,-0.43022015520413215
0.08,1.0423870042679286,0.3864488641941375,0.6135511358058626,-0.4203267037087939
0.09,1.0480186067050528,0.39302506897511374,0.6069749310248862,-0.4104623965373293
0.1,1.0537235564099976,0.3995797057940559,0.6004202942059441,-0.4006304413089162
0.11,1.0595016123945573,0.40611070512179037,0.5938892948782095,-0.39083394231731433
0.12,1.065352523815474,0.41261606706514803,0.587383932934852,-0.38107589940227804
0.13,1.0712760304110855,0.4190938619424281,0.580906138057572,-0.37135920708635795
0.14,1.077271862932782,0.4255422306884533,0.5744577693115468,-0.36168665396732014
0.15,1.0833397435707783,0.4319593850960343,0.5680406149039657,-0.35206092235594855
0.16,1.0894793863737549,0.4383436079009326,0.5616563920990671,-0.34248458814860083
0.17,1.0956904976619386,0.4446932527176017,0.5553067472823981,-0.3329601209235973
0.18,1.1019727764332474,0.45100674383315875,0.5489932561668412,-0.32348988425026187
0.19,1.1083259147621396,0.457282575867147,0.5427174241328527,-0.3140761361992792
0.2,1.1147495981908522,0.463519313304721,0.536480686695279,-0.3047210300429185
0.21,1.1212435061127444,0.46971558991091494,0.5302844100890852,-0.2954266151336278
0.22,1.1278073121474843,0.47587010803365337,0.5241298919663467,-0.28619483794952005
0.23,1.134440684507862,0.48198163780311515,0.5180183621968848,-0.2770275432953272
0.24,1.1411432863580278,0.48804901623498964,0.5119509837650105,-0.26792647564751565
0.25,1.1479147761629926,0.4940711462450592,0.5059288537549407,-0.25889328063241107
0.26,1.1547548080292485,0.5000469955824153,0.4999530044175848,-0.24992950662637714
0.27,1.1616630320363992,0.5059755956884514,0.4940244043115485,-0.24103660646732278
0.28,1.1686390945597076,0.5118560404886127,0.48814395951138745,-0.23221593926708112
0.29,1.1756826385835026,0.5176874851236734,0.48231251487632654,-0.22346877231448986
0.3,1.1827933040053955,0.5234691446271146,0.47653085537288536,-0.21479628305932807
0.31,1.1899707279312939,0.5292002925549382,0.4707997074450617,-0.20619956116759264
0.32,1.1972145449612057,0.5348802595740246,0.46511974042597515,-0.19767961063896283
0.33,1.2045243874658578,0.5405084320148914,0.4594915679851088,-0.18923735197766312
0.34,1.211899885854163,0.546084250394453,0.45391574960554726,-0.18087362440832078
0.35,1.2193406688315889,0.5516072079141329,0.44839279208586724,-0.1725891881288008
0.36,1.2268463636494995,0.5570768489384016,0.4429231510615982,-0.1643847265923974
0.37,1.2344165963455505,0.5624927674585621,0.43750723254143786,-0.1562608488121568
0.38,1.2420509919752354,0.5678546055463269,0.4321453944536732,-0.14821809168050976
0.39,1.2497491748346947,0.5731620518014803,0.42683794819851967,-0.14025692229777953
0.4,1.257510768674898,0.5784148397976391,0.4215851602023609,-0.13237774030354138
0.41,1.2653353969073442,0.5836127465298807,0.4163872534701194,-0.12458088020517905
0.42,1.273222682801402,0.5887555908677422,0.41124440913225796,-0.11686661369838686
0.43,1.2811722496734517,0.5938432320168505,0.40615676798314937,-0.10923515197472411
0.44,1.2891837210679735,0.5988755679921957,0.4011244320078043,-0.10168664801170646
0.45,1.2972567209307493,0.6038525341058208,0.3961474658941791,-0.09422119884126867
0.46,1.3053908737743394,0.6087741014714788,0.3912258985285212,-0.08683884779278178
0.47,1.3135858048360094,0.6136402755285739,0.3863597244714261,-0.07953958670713912
0.48,1.3218411402282801,0.6184510945874999,0.3815489054125002,-0.07232335811875024
0.49,1.3301565070822807,0.6232066283982758,0.3767933716017241,-0.06519005740258621
0.5,1.3385315336840842,0.627906976744186,0.37209302325581395,-0.05813953488372092
0.51,1.3469658496042132,0.6325522680619392,0.36744773193806085,-0.05117159790709125
0.52,1.3554590858204956,0.6371426580896866,0.3628573419103132,-0.044286012865469904
0.53,1.3640108748344593,0.6416783285440655,0.35832167145593435,-0.037482507183901614
0.54,1.372620850781453,0.646159485827272,0.35384051417272794,-0.030760771259091935
0.55,1.3812886495346774,0.6505863597650194,0.3494136402349807,-0.024120460352471007
0.56,1.3900139088033134,0.6549592023760891,0.3450407976239111,-0.017561196435866566
0.57,1.3987962682249333,0.65927828667405,0.34072171332594997,-0.011082569988924984
0.58,1.4076353694523782,0.6635439055015956,0.3364560944984045,-0.004684141747606729
0.59,1.4165308562352836,0.6677563703978237,0.3322436296021766,0.0016345555967351988
0.6,1.4254823744964369,0.6719160104986878,0.3280839895013123,0.007874015748031593
0.61,1.4344895724031363,0.6760231714707301,0.32397682852926996,0.014034757206095094
0.62,1.4435521004337413,0.6800782144781246,0.31992178552187567,0.02011732171718661
0.63,1.452669611439573,0.6840815151829631,0.31591848481703655,0.02612227277444501
0.64,1.4618417607023455,0.6880334627786486,0.3119665372213515,0.032050194167972834
0.65,1.4710682059872908,0.6919344590561642,0.3080655409438358,0.03790168858424631
0.66,1.4803486075921442,0.6957849175029541,0.3042150824970461,0.043677376254430966
0.67,1.489682628392146,0.6995852624340534,0.3004147375659468,0.04937789365107992
0.68,1.4990699338812272,0.7033359281550816,0.29666407184491816,0.05500389223262264
0.69,1.508510192209519,0.7070373581566439,0.29296264184335613,0.06055603723496583
0.7,1.5180030742173525,0.7106900043396499,0.2893099956603501,0.06603500650947486
0.71,1.527548253465882,0.7142943262710223,0.2857056737289776,0.07144148940653355
0.72,1.537145406264482,0.7178507904692254,0.2821492095307746,0.0767761857038381
0.73,1.546794211695057,0.7213598697190207,0.27864013028097934,0.082039804578531
0.74,1.5564943516333962,0.7248220424148296,0.27517795758517033,0.08723306362224448
0.75,1.5662455107677085,0.7282377919320594,0.27176220806794055,0.09235668789808915
0.76,1.5760473766144636,0.7316076060257315,0.26839239397426873,0.09741140903859702
0.77,1.5858996395316656,0.7349319762557365,0.26506802374426336,0.10239796438360488
0.78,1.5958019927296745,0.738211397438032,0.26178860256196795,0.10731709615704804
0.79,1.6057541322797004,0.7414463671210789,0.25855363287892097,0.11216955068161849
0.8,1.6157557571200751,0.7446373850868232,0.25536261491317663,0.11695607763023497
0.81,1.6258065690604158,0.74778495287551,0.2522150471244899,0.12167742931326508
0.82,1.635906272783784,0.7508895733336256,0.24911042666637445,0.12633436000043835
0.83,1.6460545758469451,0.7539517501842595,0.24604824981574064,0.13092762527638913
0.84,1.6562511886788185,0.7569719876191809,0.24302801238081911,0.13545798142877136
0.85,1.6664958245772274,0.759950789911932,0.24004921008806804,0.13992618486789796
0.86,1.6767881997040253,0.7628886610512379,0.23711133894876218,0.14433299157685675
0.87,1.687128033078699,0.7657861043940519,0.23421389560594824,0.14867915659107772
0.88,1.6975150465705253,0.7686436223375508,0.2313563776624492,0.1529654335063262
0.89,1.707948964889369,0.7714617160094153,0.2285382839905846,0.15719257401412304
0.9,1.718429515575195,0.7742408849757308,0.22575911502426912,0.1613613274635963
0.91,1.7289564289863795,0.7769816269658651,0.22301837303413485,0.16547244044879772
0.92,1.7395294382868793,0.7796844376136829,0.2203155623863172,0.16952665642052425
0.93,1.7501482794323457,0.7823498102144758,0.21765018978552422,0.17352471532171368
0.94,1.7608126911552326,0.7849782354969972,0.21502176450300303,0.17746735324549556
0.95,1.7715224149489799,0.7875702014100029,0.21242979858999728,0.18135530211500417
0.96,1.7822771950513197,0.7901261929227194,0.20987380707728057,0.1851892893840791
0.97,1.7930767784267725,0.7926466918386671,0.20735330816133293,0.18897003775800061
0.98,1.8039209147483894,0.7951321766222869,0.20486782337771317,0.19269826493343026
0.99,1.8148093563787904,0.797583122237832,0.2024168777621681,0.1963746833567479
1.0,1.8257418583505536,0.8,0.2,0.2
1.01,1.8367181783460047,0.8023832774357964,0.19761672256420348,0.20357491615369472
1.02,1.8477380766764537,0.8047334181571364,0.19526658184286347,0.20710012723570473
1.03,1.8588013162609214,0.8070508817437045,0.19294911825629563,0.21057632261555664
1.04,1.8699076626044044,0.8093361236356093,0.19066387636439064,0.214004185453414
1.05,1.8810568837757138,0.8115895950353857,0.1884104049646142,0.21738439255307868
1.06,1.892248750384931,0.8138117428189052,0.1861882571810949,0.2207176142283577
1.07,1.9034830355605135,0.8160030094547776,0.18399699054522262,0.22400451418216616
1.08,1.9147595149260912,0.818163832931839,0.18183616706816091,0.2272457493977586
1.09,1.926077966576985,0.8202946466943334,0.1797053533056665,0.2304419700415002
1.1,1.937438171056477,0.8223958795844064,0.17760412041559362,0.23359381937660958
1.11,1.9488399113318675,0.8244679557915525,0.1755320442084474,0.23670193368732886
1.12,1.960282972770343,0.8265112948086627,0.17348870519133722,0.23976694221299413
1.13,1.97176714311469,0.8285263113943323,0.17147368860566772,0.24278946709149843
1.14,1.9832922124588697,0.8305134155411062,0.1694865844588938,0.24577012331165932
1.15,1.9948579732234906,0.8324730124493492,0.16752698755065076,0.24870951867402386
1.16,2.006464220131191,0.8344055025064381,0.16559449749356162,0.25160825375965745
1.17,2.0181107501819615,0.8363112812709904,0.1636887187290095,0.2544669219064857
1.18,2.0297973626284302,0.8381907394618484,0.16180926053815178,0.2572861091927724
1.19,2.0415238589511184,0.840044262951556,0.15995573704844396,0.26006639442733404
1.2,2.0532900428336958,0.8418722327640735,0.15812776723592661,0.2628083491461102
1.21,2.065095720138254,0.84367502507648,0.15632497492351996,0.26551253761472005
1.22,2.0769406988806076,0.8454530112244384,0.15454698877556128,0.2681795168366579
1.23,2.0888247892056433,0.8472065577111908,0.1527934422888091,0.2708098365667863
1.24,2.10074780336273,0.8489360262198717,0.15106397378012815,0.2734040393298077
1.25,2.112709555681203,0.8506417736289382,0.14935822637106186,0.2759626604434072
1.26,2.124709862545943,0.8523241520305133,0.14767584796948666,0.27848622804576995
1.27,2.1367485423730455,0.8539835087514617,0.14601649124853805,0.2809752631271928
1.28,2.1488254155856095,0.8556201863770139,0.14437981362298616,0.2834302795655208
1.29,2.160940304589648,0.8572345227767685,0.14276547722323146,0.2858517841651528
1.3,2.1730930337501273,0.8588268511329146,0.14117314886708554,0.28824027669937174
1.31,2.1852834293671535,0.860397499970509,0.139602500029491,0.2905962499557635
1.32,2.197511319652302,0.8619467931896696,0.13805320681033031,0.2929201897845045
1.33,2.2097765347051124,0.8634750500995367,0.13652494990046302,0.2952125751493053
1.34,2.222078906489746,0.8649825854538717,0.13501741454612817,0.2974738781808077
1.35,2.2344182688118175,0.8664697094881618,0.1335302905118383,0.2997045642322426
1.36,2.246794457295401,0.8679367279581116,0.13206327204188828,0.3019050919371675
1.37,2.259207309360225,0.869383942179406,0.130616057820594,0.304075913269109
1.38,2.27165666419906,0.8708116490686294,0.1291883509313705,0.3062174736029442
1.39,2.2841423627552926,0.8722201411852438,0.12777985881475626,0.3083302117778657
1.4,2.2966642477007095,0.8736097067745197,0.1263902932254803,0.31041456016177954
1.41,2.309222163413473,0.8749806298113314,0.1250193701886686,0.3124709447169971
1.42,2.321815955956314,0.876333190044723,0.12366680995527715,0.3144997850670843
1.43,2.3344454730549318,0.8776676630431625,0.1223323369568376,0.31650149456474364
1.44,2.3471105640766052,0.8789843202404048,0.12101567975959508,0.31847648036060733
1.45,2.3598110800090195,0.8802834289818852,0.11971657101811457,0.320425143472828
1.46,2.3725468734393145,0.8815652525715735,0.11843474742842632,0.32234787885736044
1.47,2.3853177985333525,0.8828300503192207,0.11716994968077928,0.3242450754788311
1.48,2.398123711015204,0.8840780775879336,0.11592192241206624,0.32611711638190055
1.49,2.4109644681468594,0.8853095858420187,0.11469041415798106,0.3279643787630283
1.5,2.4238399287081647,0.8865248226950353,0.11347517730496452,0.3297872340425531
1.51,2.436749952976984,0.8877240319580068,0.11227596804199301,0.33158604793701035
1.52,2.4496944027095844,0.8889074536877393,0.11109254631226069,0.33336118053160896
1.53,2.4626731411212495,0.8900753242351976,0.10992467576480228,0.3351129863527965
1.54,2.475686032867119,0.8912278762938989,0.1087721237061012,0.33684181444084826
1.55,2.4887329440232566,0.8923653389482747,0.10763466105172519,0.33854800842241217
1.56,2.5018137420679425,0.893487937721971,0.10651206227802883,0.34023190658295666
1.57,2.514928295863191,0.8945958946260403,0.10540410537395978,0.34189384193906036
1.58,2.5280764756365,0.8956894282069974,0.10431057179300277,0.34353414231049595
1.59,2.5412581529628193,0.8967687535947054,0.10323124640529444,0.3451531303920583
1.6,2.5544732007467474,0.8978340825500614,0.1021659174499387,0.346751123825092
1.61,2.567721493204952,0.8988856235124495,0.10111437648755044,0.3483284352686743
1.62,2.58100290584881,0.8999235816469454,0.10007641835305438,0.34988537247041834
1.63,2.5943173154672756,0.9009481588912374,0.09905184110876256,0.35142223833685615
1.64,2.6076646001099655,0.9019595540022461,0.0980404459977537,0.3529393310033694
1.65,2.6210446390704605,0.9029579626024247,0.09704203739757515,0.35443694390363717
1.66,2.6344573128698316,0.9039435772257138,0.09605642277428622,0.3559153658385707
1.67,2.6479025032403793,0.9049165873631386,0.09508341263686128,0.35737488104470805
1.68,2.661380093109588,0.9058771795080311,0.0941228204919687,0.3588157692620469
1.69,2.674889966584295,0.9068255372008593,0.09317446279914071,0.36023830580128896
1.7,2.688432008935072,0.9077618410736522,0.09223815892634782,0.36164276161047826
1.71,2.7020061065808125,0.9086862688940093,0.09131373110599052,0.36302940334101413
1.72,2.7156121470735344,0.9095989956086807,0.0904010043913192,0.36439849341302116
1.73,2.7292500190833864,0.9105001933867072,0.08949980661329288,0.3657502900800607
1.74,2.7429196123838557,0.911390031662114,0.08860996833788609,0.3670850474931709
1.75,2.756620817837182,0.912268677176148,0.08773132282385195,0.3684030157642221
1.76,2.770353527379974,0.9131362940190517,0.08686370598094838,0.36970444102857747
1.77,2.7841176340090232,0.913993043671365,0.0860069563286348,0.3709895655070477
1.78,2.797913031767309,0.9148390850447554,0.08516091495524451,0.3722586275671332
1.79,2.8117396157302097,0.9156745745223629,0.08432542547763712,0.37351186178354434
1.8,2.8255972819918975,0.9164996659986638,0.08350033400133601,0.3747494989979959
1.81,2.8394859276519284,0.9173145109188463,0.08268548908115378,0.37597176637826935
1.82,2.853405450802018,0.9181192583176915,0.0818807416823086,0.37717888747653716
1.83,2.8673557505130054,0.9189140548579665,0.08108594514203359,0.37837108228694966
1.84,2.8813367268220027,0.9196990448683191,0.08030095513168072,0.3795485673024788
1.85,2.895348280719725,0.9204743703806793,0.07952562961932075,0.3807115555710189
1.86,2.9093903141379984,0.9212401711671608,0.07875982883283918,0.38186025675074126
1.87,2.923462729937451,0.9219965847764712,0.07800341522352872,0.38299487716470687
1.88,2.9375654318953757,0.9227437465698225,0.07725625343017767,0.3841156198547336
1.89,2.951698324693768,0.9234817897563465,0.07651821024365353,0.38522268463451975
1.9,2.9658613139075354,0.9242108454280193,0.07578915457198077,0.3863162681420289
1.91,2.9800543059928732,0.9249310425940891,0.07506895740591112,0.3873965638911334
1.92,2.9942772082758133,0.9256425082150157,0.07435749178498433,0.38846376232252355
1.93,3.008529928940932,0.9263453672359225,0.07365463276407758,0.3895180508538837
1.94,3.0228123770202253,0.9270397426195593,0.07296025738044076,0.3905596139293389
1.95,3.0371244623821396,0.9277257553787849,0.07227424462121519,0.39158863306817726
1.96,3.0514660957207655,0.9284035246085678,0.07159647539143225,0.3926052869128516
1.97,3.065837188545188,0.9290731675175109,0.07092683248248915,0.3936097512762663
1.98,3.0802376531689886,0.9297347994589018,0.07026520054109826,0.39460219918835265
1.99,3.094667402699898,0.9303885339612938,0.06961146603870627,0.39558280094194065
2.0,3.1091263510296048,0.9310344827586209,0.06896551724137932,0.3965517241379311
2.01,3.123614412823708,0.93167275581985,0.06832724418015013,0.39750913372977487
2.02,3.1381315035118162,0.932303461378177,0.06769653862182304,0.39845519206726543
2.03,3.15267753927779,0.9329267059597676,0.06707329404023267,0.3993900589396511
2.04,3.167252437050132,0.9335425944120486,0.06645740558795131,0.40031389161807296
2.05,3.1818561144925033,0.9341512299315585,0.06584877006844159,0.4012268448973377
2.06,3.196488489994398,0.934752714091352,0.06524728590864806,0.4021290711370279
2.07,3.2111494826619325,0.935347146867975,0.06465285313202505,0.40302072030196245
2.08,3.2258390123087874,0.935934626668006,0.06406537333199393,0.4039019400020091
2.09,3.2405569994472656,0.9365152503541734,0.06348474964582651,0.4047728755312602
2.1,3.2553033652794943,0.9370891132710515,0.06291088672894843,0.40563366990657734
2.11,3.270078031688744,0.9376563092703418,0.062343690729658424,0.4064844639055125
2.12,3.2848809212308847,0.9382169307357425,0.061783069264257556,0.40732539610361373
2.13,3.2997119571259548,0.9387710686074157,0.06122893139258439,0.40815660291112343
2.14,3.314571063249864,0.9393188124060502,0.060681187593949644,0.40897821860907546
2.15,3.329458164126209,0.9398602502565336,0.060139749743466385,0.40979037538480045
2.16,3.344373184918214,0.9403954689112305,0.05960453108876975,0.4105932033668455
2.17,3.3593160514207847,0.9409245537728785,0.05907544622712153,0.41138683065931775
2.18,3.3742866900526796,0.941447588917106,0.058552411082894044,0.41217138337565895
2.19,3.3892850278487936,0.9419646571145718,0.05803534288542846,0.41294698567185745
2.2,3.40431099245256,0.9424758398527383,0.05752416014726185,0.4137137597791073
2.21,3.419364512108451,0.9429812173572814,0.05701878264271851,0.41447182603592214
2.22,3.4344455156546014,0.9434808686131404,0.056519131386859656,0.41522130291971054
2.23,3.4495539325155264,0.9439748713852131,0.05602512861478681,0.4159623070778197
2.24,3.4646896926949555,0.9444633022387066,0.055536697761293496,0.4166949533580598
2.25,3.4798527267687636,0.9449462365591398,0.05505376344086022,0.4174193548387097
2.26,3.4950429658780062,0.9454237485720123,0.05457625142798763,0.41813562285801853
2.27,3.510260341722059,0.9458959113621372,0.05410408863786275,0.41884386704320586
2.28,3.5255047865518487,0.9463627968926467,0.05363720310735338,0.41954419533896997
2.29,3.5407762331631933,0.9468244760236747,0.0531755239763253,0.42023671403551205
2.3,3.5560746148902256,0.9472810185307219,0.05271898146927801,0.42092152779608294
2.31,3.571399865598922,0.9477324931227068,0.05226750687729323,0.42159873968406014
2.32,3.58675191968072,0.9481789674597082,0.0518210325402919,0.4222684511895622
2.33,3.602130712046228,0.9486205081704053,0.05137949182959468,0.422930762255608
2.34,3.6175361781190243,0.949057180869219,0.050942819130781025,0.42358577130382846
2.35,3.6329682538295502,0.949489050173158,0.05051094982684216,0.4242335752597368
2.36,3.648426875609084,0.9499161797183767,0.05008382028162333,0.424874269577565
2.37,3.6639119803838085,0.9503386321764493,0.049661367823550566,0.4255079482646741
2.38,3.679423505568954,0.9507564692703627,0.04924353072963746,0.4261347039055439
2.39,3.6949613890630397,0.9511697517902329,0.04883024820976713,0.42675462768534933
2.4,3.7105255692421792,0.9515785396087545,0.048421460391245404,0.42736780941313185
2.41,3.726115984954485,0.95198289169638,0.048017108303620146,0.4279743375445698
2.42,3.741732575514539,0.9523828661362371,0.04761713386376281,0.42857429920435575
2.43,3.7573752806979503,0.9527785201387925,0.04722147986120757,0.4291677802081887
2.44,3.7730440407359853,0.953169910056256,0.04683008994374395,0.42975486508438404
2.45,3.78873879631028,0.9535570913967415,0.046442908603258545,0.4303356370951122
2.46,3.804459488547617,0.9539401188381782,0.04605988116182182,0.4309101782572673
2.47,3.820206059014793,0.9543190462419843,0.0456809537580156,0.4314785693629765
2.48,3.835978449713536,0.9546939266665024,0.04530607333349765,0.43204088999975354
2.49,3.851776603075521,0.9550648123802016,0.04493518761979861,0.4325972185703022
2.5,3.867600461957431,0.9554317548746518,0.04456824512534819,0.4331476323119777
2.51,3.883449969636105,0.955794804877274,0.044205195122725895,0.43369220731591107
2.52,3.8993250698037474,0.956154012363867,0.043845987636133024,0.4342310185458005
2.53,3.9152257065632026,0.9565094265709182,0.0434905734290819,0.4347641398563772
2.54,3.9311518244233032,0.9568610960077015,0.0431389039922985,0.4352916440115523
2.55,3.947103368294273,0.9572090684681649,0.04279093153183512,0.43581360270224734
2.56,3.963080283483207,0.957553391042611,0.04244660895738903,0.4363300865639164
2.57,3.9790825156895986,0.9578941101291759,0.042105889870823976,0.436841165193764
2.58,3.995110011000949,0.9582312714451094,0.041768728554890534,0.43734690716766417
2.59,4.011162715888416,0.9585649200378575,0.04143507996214243,0.43784738005678636
2.6,4.027240577202543,0.9588951002959554,0.04110489970404472,0.43834265044393295
2.61,4.04334354216903,0.9592218559597289,0.0407781440402712,0.43883278393959324
2.62,4.059471558384581,0.9595452301318129,0.040454769868187024,0.43931784519771944
2.63,4.075624573812788,0.959865265287486,0.04013473471251399,0.439797897931229
2.64,4.091802536780093,0.9601820032848254,0.03981799671517454,0.44027300492723814
2.65,4.108005395971789,0.9604954853746877,0.039504514625312015,0.4407432280620318
2.66,4.1242331004280866,0.9608057522105166,0.03919424778948362,0.4412086283157747
2.67,4.140485599540228,0.9611128438579766,0.038887156142023115,0.4416692657869652
2.68,4.156762843046658,0.9614167998044294,0.03858320019557052,0.44212519970664416
2.69,4.173064781029246,0.9617176589682344,0.03828234103176536,0.4425764884523518
2.7,4.18939136390956,0.9620154597078988,0.03798454029210111,0.4430231895618483
2.71,4.20574254244519,0.9623102398310623,0.03768976016893757,0.4434653597465936
2.72,4.222118267726127,0.9626020366033314,0.037397963396668524,0.4439030549049972
2.73,4.238518491171178,0.9628908867569577,0.03710911324304202,0.44433633013543683
2.74,4.25494316452445,0.9631768264993694,0.03682317350063032,0.4447652397490544
2.75,4.271392239851857,0.9634598915215531,0.03654010847844705,0.4451898372823295
2.76,4.287865669537701,0.9637401170062914,0.036259882993708775,0.44561017550943693
2.77,4.304363406281275,0.9640175376362611,0.03598246236373868,0.44602630645439184
2.78,4.320885403093522,0.9642921876019904,0.03570781239800956,0.44643828140298564
2.79,4.337431613293748,0.9645641006096761,0.03543589939032357,0.4468461509145145
2.8,4.354001990506358,0.9648333098888734,0.03516669011112675,0.4472499648333099
2.81,4.37059648865766,0.9650998482000447,0.03490015179995526,0.4476497723000671
2.82,4.387215061972686,0.9653637478419881,0.03463625215801169,0.44804562176298235
2.83,4.4038576649720795,0.9656250406591314,0.03437495934086839,0.4484375609886973
2.84,4.420524252469006,0.9658837580487037,0.0341162419512962,0.44882563707305567
2.85,4.437214779566118,0.9661399309677844,0.033860069032215744,0.44920989645167647
2.86,4.453929201652551,0.9663935899402303,0.03360641005976968,0.4495903849103455
2.87,4.470667474400961,0.9666447650634868,0.03335523493651323,0.4499671475952302
2.88,4.4874295537646045,0.9668934860152789,0.03310651398472122,0.45034022902291826
2.89,4.504215395974457,0.9671397820601909,0.03286021793980925,0.4507096730902862
2.9,4.521024957536362,0.9673836820561326,0.032616317943867316,0.45107552308419896
2.91,4.537858195228229,0.9676252144606966,0.032374785539303466,0.45143782169104485
2.92,4.5547150660972555,0.9678644073374043,0.03213559266259582,0.45179661100610635
2.93,4.571595527457199,0.968101288361849,0.03189871163815084,0.4521519325427737
2.94,4.588499536885669,0.9683358848277338,0.03166411517226609,0.4525038272416008
2.95,4.6054270522214695,0.9685682236528047,0.0314317763471954,0.45285233547920695
2.96,4.622378031561965,0.9687983313846851,0.031201668615314877,0.45319749707702767
2.97,4.639352433260488,0.9690262342066122,0.030973765793387658,0.4535393513099184
2.98,4.656350215923769,0.969251957943074,0.03074804205692594,0.45387793691461104
2.99,4.673371338409422,0.9694755280653518,0.030524471934648197,0.4542132920980277
3.0,4.69041575982343,0.9696969696969696,0.0303030303030303,0.45454545454545453
